{
  "__version__": "1.0.0",
  "builder": {},
  "gizmos-infos": {
    "is2D": true,
    "is3DIcon": false,
    "iconSize": 2,
    "gridVisible": true,
    "gridColor": [
      166,
      166,
      166,
      255
    ],
    "transformToolName": "position",
    "pivot": "pivot",
    "coordinate": "local",
    "toolsVisibility3d": true
  },
  "snap-configs": {
    "position": {
      "x": 1,
      "y": 1,
      "z": 1
    },
    "rotation": 1,
    "scale": 1,
    "isPositionSnapEnabled": false,
    "isRotationSnapEnabled": false,
    "isScaleSnapEnabled": false
  },
  "rect-snap-configs": {
    "enableSnapping": true,
    "snapThreshold": 4
  },
  "camera-infos": {
    "9690cadd-96d1-4ec4-880f-92bafc58c03d": {
      "position": {
        "x": 5196.152422706633,
        "y": 5196.152422706632,
        "z": 5196.15242270663
      },
      "rotation": {
        "x": -0.27984814233312133,
        "y": 0.3647051996310009,
        "z": 0.11591689595929512,
        "w": 0.8804762392171493
      },
      "viewCenter": {
        "x": 0,
        "y": 0,
        "z": 0
      },
      "contentRect": {
        "x": 0,
        "y": 0,
        "width": 531,
        "height": 414
      },
      "scale": 1
    },
    "16876649-152b-4edf-b6d3-2c40d3af937a": {
      "position": {
        "x": 640,
        "y": 360.00000000000006,
        "z": 5000
      },
      "rotation": {
        "x": 0,
        "y": 0,
        "z": 0,
        "w": 1
      },
      "viewCenter": {
        "x": 0,
        "y": 0,
        "z": 0
      },
      "contentRect": {
        "x": 0,
        "y": 78.125,
        "width": 1050,
        "height": 700
      },
      "scale": 0.7
    },
    "0af797e1-7d4d-4a4a-80ba-d33c52a38be5": {
      "position": {
        "x": 640,
        "y": 360.0000000000001,
        "z": 5000
      },
      "rotation": {
        "x": 0,
        "y": 0,
        "z": 0,
        "w": 1
      },
      "viewCenter": {
        "x": 0,
        "y": 0,
        "z": 0
      },
      "contentRect": {
        "x": 0,
        "y": 0,
        "width": 896,
        "height": 504
      },
      "scale": 0.7
    },
    "6b4018b4-41ca-4501-8db4-8cc9e3293947": {
      "position": {
        "x": 634.3475,
        "y": 358.49583333333334,
        "z": 5000
      },
      "rotation": {
        "x": 0,
        "y": 0,
        "z": 0,
        "w": 1
      },
      "viewCenter": {
        "x": 0,
        "y": 0,
        "z": 0
      },
      "contentRect": {
        "x": 0,
        "y": 51.343750000000014,
        "width": 647.5,
        "height": 436.1
      },
      "scale": 0.7000000000000001
    },
    "5ef24fed-3fa8-4512-8ac7-2afdcf199115": {
      "position": {
        "x": 640,
        "y": 225.318316344464,
        "z": 5000
      },
      "rotation": {
        "x": 0,
        "y": 0,
        "z": 0,
        "w": 1
      },
      "viewCenter": {
        "x": 0,
        "y": 0,
        "z": 0
      },
      "contentRect": {
        "x": 20.00000000000008,
        "y": 175.31831634446402,
        "width": 796.6,
        "height": 64.24193548387096
      },
      "scale": 0.6424193548387097
    },
    "d930128f-1b37-4a0a-92ab-553d6e35cf0b": {
      "position": {
        "x": 639.7633333333333,
        "y": 360.23666666666674,
        "z": 5000
      },
      "rotation": {
        "x": 0,
        "y": 0,
        "z": 0,
        "w": 1
      },
      "viewCenter": {
        "x": 0,
        "y": 0,
        "z": 0
      },
      "contentRect": {
        "x": 0,
        "y": 0,
        "width": 896,
        "height": 504
      },
      "scale": 0.7
    },
    "45cae48d-5eb2-4b87-95e4-5ccb7cfe2a85": {
      "position": {
        "x": 640,
        "y": 555,
        "z": 5000
      },
      "rotation": {
        "x": 0,
        "y": 0,
        "z": 0,
        "w": 1
      },
      "viewCenter": {
        "x": 0,
        "y": 0,
        "z": 0
      },
      "contentRect": {
        "x": 0,
        "y": 329.1129032258064,
        "width": 796.6,
        "height": 525
      },
      "scale": 0.7000000000000001
    },
    "f06d5b0a-46f0-4212-802f-d4086a0b9cb6": {
      "position": {
        "x": 640,
        "y": 360,
        "z": 5000
      },
      "rotation": {
        "x": 0,
        "y": 0,
        "z": 0,
        "w": 1
      },
      "viewCenter": {
        "x": 0,
        "y": 0,
        "z": 0
      },
      "contentRect": {
        "x": 0,
        "y": 40.43750000000001,
        "width": 796.6,
        "height": 504.7
      },
      "scale": 0.7000000000000001
    },
    "c6c9cb58-0e5f-4c15-9e25-3c843610282a": {
      "position": {
        "x": 639.9999999999998,
        "y": 359.99999999999994,
        "z": 5000
      },
      "rotation": {
        "x": 0,
        "y": 0,
        "z": 0,
        "w": 1
      },
      "viewCenter": {
        "x": 0,
        "y": 0,
        "z": 0
      },
      "contentRect": {
        "x": 0,
        "y": 4.596502872841617e-14,
        "width": 791.4666666666667,
        "height": 445.20000000000005
      },
      "scale": 0.6183333333333335
    },
    "1e64b114-d787-4b94-a799-b4570f2e47b6": {
      "position": {
        "x": 640,
        "y": 360.00000000000006,
        "z": 5000
      },
      "rotation": {
        "x": 0,
        "y": 0,
        "z": 0,
        "w": 1
      },
      "viewCenter": {
        "x": 0,
        "y": 0,
        "z": 0
      },
      "contentRect": {
        "x": 0,
        "y": 78.125,
        "width": 1050,
        "height": 700
      },
      "scale": 0.7
    },
    "20ac202b-54be-461c-adbc-7ea8af4a8745": {
      "position": {
        "x": 639.9999999999999,
        "y": 360.0000000000001,
        "z": 5000
      },
      "rotation": {
        "x": 0,
        "y": 0,
        "z": 0,
        "w": 1
      },
      "viewCenter": {
        "x": 0,
        "y": 0,
        "z": 0
      },
      "contentRect": {
        "x": 97.94444444444449,
        "y": 0,
        "width": 892.5,
        "height": 424.9
      },
      "scale": 0.7
    },
    "53b1111e-121d-4784-8393-d32880e501d7": {
      "position": {
        "x": 4417.132453314856,
        "y": 4417.132453314855,
        "z": 4417.1324533148545
      },
      "rotation": {
        "x": -0.27984814233312133,
        "y": 0.3647051996310009,
        "z": 0.11591689595929512,
        "w": 0.8804762392171493
      },
      "viewCenter": {
        "x": 0,
        "y": 0,
        "z": 0
      },
      "contentRect": {
        "x": 0,
        "y": 0,
        "width": 1275,
        "height": 693
      },
      "scale": 1
    },
    "bb7abf33-dc0b-4250-a135-26a495d44864": {
      "position": {
        "x": 3061.072790364698,
        "y": 3061.072790364697,
        "z": 3061.0727903646966
      },
      "rotation": {
        "x": -0.27984814233312133,
        "y": 0.3647051996310009,
        "z": 0.11591689595929512,
        "w": 0.8804762392171493
      },
      "viewCenter": {
        "x": 0,
        "y": 0,
        "z": 0
      },
      "contentRect": {
        "x": 0,
        "y": 0,
        "width": 1500,
        "height": 1000
      },
      "scale": 1
    },
    "2ee85e52-12a0-4bf4-a85c-44fc80b5802f": {
      "position": {
        "x": 4251.489986916421,
        "y": 4251.48998691642,
        "z": 4251.489986916419
      },
      "rotation": {
        "x": -0.27984814233312133,
        "y": 0.3647051996310009,
        "z": 0.11591689595929512,
        "w": 0.8804762392171493
      },
      "viewCenter": {
        "x": 0,
        "y": 0,
        "z": 0
      },
      "contentRect": {
        "x": 0,
        "y": 0,
        "width": 1280,
        "height": 720
      },
      "scale": 1
    },
    "95dc8048-a3cf-4e83-b051-828acbc17a6c": {
      "position": {
        "x": 4251.489986916421,
        "y": 4251.48998691642,
        "z": 4251.489986916419
      },
      "rotation": {
        "x": -0.27984814233312133,
        "y": 0.3647051996310009,
        "z": 0.11591689595929512,
        "w": 0.8804762392171493
      },
      "viewCenter": {
        "x": 0,
        "y": 0,